"","depcom","id_ea","principal","numero","repetition","complement","type_voie","libelle","rivoli","categorie","type","nombre_logements","actualité","numero_permis","commentaire","x","y","cle"
"1",93010,930100000010456,"O",43,NA,"43-45","R","DE VERSAILLES",9625,"HABIT",21,1,0,NA,NA,661947.2,6868477,"1"
"2",93010,930100000000694,"O",35,NA,"ANC 1 R BAUDELAIRE","R","FRANCOIS VILLON",3573,"HABIT",23,10,0,"PC9301009B0051",NA,662702.00893,6868255.70274,"2"
"3",93010,930100000010396,"O",18,NA,"BAT A","R","LUCIE AUBRAC",5500,"HABIT",23,10,0,NA,NA,661801.00289,6868109.56106,"3"
"4",93010,930100000010376,"O",10,NA,"BAT C","R","HENRI ROL-TANGUY",8171,"HABIT",23,8,0,NA,NA,661713.46083,6868069.88587,"4"
"5",93010,930100000010358,"O",10,NA,"BAT B","R","LUCIE AUBRAC",5500,"HABIT",23,10,0,NA,NA,661781.84363,6868024.61048,"5"
"6",93010,930100000001410,"O",26,NA,"26-28","AV","MARGUERITE",6160,"HABIT",21,1,0,NA,NA,662211.6,6867656.9,"6"
"7",93010,930100000008672,"O",22,NA,"ACCES PAR 2 R ROBERT DOUVILLEZ","VLA","DES CERISES",1447,"HABIT",21,1,0,NA,NA,662872.8,6867588,"7"
"8",93010,930100000001824,"O",9,NA,"9-13","R","ROBERT DOUVILLEZ",8170,"HABIT",21,1,0,NA,NA,662877,6867524.4,"8"
"9",93010,930100000001552,"O",37,NA,"RES DU POINT DU JOUR","AV","PASTEUR",7130,"HABIT",23,10,0,NA,NA,662352.3,6867390.9,"9"
"10",93010,930100000001640,"O",7,NA,"7-9","R","AUGUSTE POLISSARD",75,"HABIT",23,9,0,NA,NA,661912.1,6867373.6,"10"
"11",93010,930100000001931,"O",35,NA,"35-37","R","DU CYCLE",1590,"HABIT",25,4,0,NA,NA,663124.5,6867348.9,"11"
"12",93010,930100000001541,"O",15,NA,"15-17","R","ROBERT BONNET",8165,"HABIT",21,1,0,NA,NA,662813.4,6867347.2,"12"
"13",93010,930100000001871,"O",7,NA,"7-9","ALL","DE LA REGALE",8140,"HABIT",21,1,0,NA,NA,662899.9,6867242.8,"13"
"14",93010,930100000002153,"O",10,NA,"10-12","ALL","THERESE",9130,"HABIT",21,1,0,NA,NA,663163,6867147.5,"14"
"15",93010,930100000002064,"O",60,NA,"60-62","ALL","ALICE",30,"HABIT",21,1,0,NA,NA,663217.4,6867103.8,"15"
"16",93010,930100000008684,"O",31,NA,"31-33","R","DES CINQ ORMES",1520,"HABIT",21,1,0,NA,NA,662830.1,6866989.6,"16"
"17",93010,930100000003141,"O",201,NA,"201-203","AV","DE ROSNY",8175,"HABIT",21,1,0,NA,NA,661200.6,6866910.1,"17"
"18",93010,930100000002830,"O",41,NA,"41-43","R","HENRI ALPY",4430,"HABIT",21,1,0,NA,NA,662495.3,6866829.9,"18"
"19",93010,930100000008911,"O",5,NA,"5-7","R","NOEMIE",6660,"HABIT",21,1,0,NA,NA,662293.9,6866686.5,"19"
"20",93010,930100000002644,"O",32,NA,"32-34","R","RAOUL",8120,"HABIT",21,1,0,NA,NA,662744.8,6866604,"20"
"21",93010,930100000003742,"O",2,NA,"2-2 BIS","VLA","CARNOT",1434,"HABIT",23,3,0,NA,NA,661935,6866539,"21"
"22",93010,930100000004388,"O",22,"BIS","22 BIS-24","AV","DE L'IDEAL",4620,"HABIT",23,6,0,NA,NA,663059.58773,6866261.20207,"22"
"23",93010,930100000010699,"O",16,NA,"PAVILLON N°15","ALL","PAUL LAFARGUE",7139,"HABIT",21,1,0,"PC9301009B0064",NA,662034.93344,6866147.72343,"23"
"24",93010,930100000010698,"O",14,NA,"PAVILLON N°16","ALL","PAUL LAFARGUE",7139,"HABIT",21,1,0,"PC9301009B0064",NA,662062.06707,6866142.11833,"24"
"25",93010,930100000010695,"O",23,NA,"PAVILLON N° 12","ALL","PAUL LAFARGUE",7139,"HABIT",21,1,0,"PC9301009B0064",NA,662010.17648,6866151.21943,"25"
"26",93010,930100000010694,"O",21,NA,"PAVILLON N°11","ALL","PAUL LAFARGUE",7139,"HABIT",21,1,0,"PC9301009B0064",NA,662008.13528,6866139.85934,"26"
"27",93010,930100000010692,"O",17,NA,"PAVILLON N°9","ALL","PAUL LAFARGUE",7139,"HABIT",21,1,0,"PC9301009B0064",NA,662034.25731,6866134.58951,"27"
"28",93010,930100000010691,"O",15,NA,"PAVILLON N°8","ALL","PAUL LAFARGUE",7139,"HABIT",21,1,0,"PC9301009B0064",NA,662036.56706,6866126.92665,"28"
"29",93010,930100000010690,"O",13,NA,"PAVILLON N°7","ALL","PAUL LAFARGUE",7139,"HABIT",21,1,0,"PC9301009B0064",NA,662057.81128,6866127.57176,"29"
"30",93010,930100000010688,"O",9,NA,"PAVILLON N°5","ALL","PAUL LAFARGUE",7139,"HABIT",21,1,0,"PC9301009B0064",NA,662069.59283,6866120.10636,"30"
"31",93010,930100000010687,"O",7,NA,"PAVILLON N°4","ALL","PAUL LAFARGUE",7139,"HABIT",21,1,0,"PC9301009B0064",NA,662092.15718,6866112.11474,"31"
"32",93010,930100000010686,"O",5,NA,"PAVILLON N°3","ALL","PAUL LAFARGUE",7139,"HABIT",21,1,0,"PC9301009B0064",NA,662110.96711,6866101.40243,"32"
"33",93010,930100000010684,"O",1,NA,"PAVILLON N° 1","ALL","PAUL LAFARGUE",7139,"HABIT",21,1,0,"PC9301009B0064",NA,662120.47232,6866099.0866,"33"
"34",93010,930100000005934,"O",38,"BIS","38 BIS-40","R","DU CHEMIN DE FER PROLONGEE",1481,"HABIT",23,7,0,NA,NA,662891.83835,6865838.12276,"34"
"35",93010,930100000005701,"O",8,NA,"8-10","R","PAULINE ROGER",7145,"HABIT",21,1,0,NA,NA,662101.36319,6865822.03593,"35"
"36",93010,930100000003355,"O",10,NA,"10-20 RES DE L'ORME BAT C","R","DE LA FRATERNITE",3575,"HABIT",23,10,0,NA,"003",661610.33254,6866625.25159,"36"
"37",93010,930100000008780,"O",176,NA,"174-176","CHE","DE GROSLAY",4170,"HABIT",23,5,0,NA,"INSEE 12/01/2021: Suite contrôles sur compléments pas vu de numérotation sur google maps - 5 TH au 174 rien au 176.",661562.4,6868653.5,"37"
"38",93010,930100000010334,"O",9,NA,"LOGT DE FONCTION","AV","MAURICE BENHAMOU",6179,"HABIT",27,1,0,"NC9301005B0056","INSEE 12/01/2021: Suite contrôles sur compléments vu 1TH+1PB -",662268.4,6868190.8,"38"
"39",93010,930100000010370,"O",3,NA,"BAT G ANC 3 R HENRI ROL TANGUY","R","LUCIE AUBRAC",5500,"HABIT",23,10,0,"PC9301007B0011",NA,661747.29948,6867973.87027,"39"
"40",93010,930100000010352,"O",9,NA,"BAT D ANCIENNEMENT N°1","R","LUCIE AUBRAC",5500,"HABIT",23,8,0,"PC9301007B0011",NA,661724.63319,6868084.18978,"40"
"41",93010,930100000010355,"O",13,NA,"BAT D ANCIENNEMENT N°5","R","LUCIE AUBRAC",5500,"HABIT",23,8,0,"PC9301007B0011",NA,661767.03483,6868074.50009,"41"
"42",93010,930100000009974,"O",38,"B  ","BAT B-LES TERRASSES DE MICHELET","R","MICHELET",6212,"HABIT",23,8,0,"PC9301000B0067",NA,661388.20018,6866782.2592,"42"
"43",93010,930100000008574,"O",38,"C  ","BAT C-LES TERRASSES DE MICHELET","R","MICHELET",6212,"HABIT",23,2,0,"PC9301000B0067",NA,661391.73178,6866781.05921,"43"
"44",93010,930100000002989,"O",19,NA,"19-21 - LOGT FONCTION","R","PAUL VAILLANT COUTURIER",7142,"HABIT",23,2,0,NA,"INSEE 12/01/2021: Suite contrôles sur compléments mis les deux logts sur 19-21 - supprimé le n°21 - vu 2 TH + 1 PB sur n°19 rien au 21 -",661615.04246,6866968.08997,"44"
"45",93010,930100000010467,"O",22,NA,"LOGT GARDIEN","R","MARCEL DASSAULT",6125,"HABIT",21,1,0,NA,"INSEE 13/01/2021: Suite contrôles sur compléments vu 1TH.",662132.2,6865468.3,"45"
"46",93010,930100000009292,"O",23,NA,"ACCES PAR 2 R ROBERT DOUVILLEZ","VLA","DES CERISES",1447,"HABIT",21,1,0,NA,NA,662872,6867591.6,"46"
"47",93010,930100000002285,"O",27,NA,"27-29","ALL","ANDREA",55,"HABIT",21,1,0,NA,"INSEE 19/01/2021: Vu expertise échantillon 2021",663238.9,6866915.1,"47"
"48",93010,930100000008955,"O",28,NA,"28-30","R","ROBERT DOUVILLEZ",8170,"HABIT",21,1,0,NA,"INSEE 19/01/2021: Vu expertise échantillon 2021¶",662862.3,6867402.9,"48"
"49",93010,930100000001496,"O",29,NA,"LYCEE POLYVALENT LEO LAGRANGE","R","GEORGES ELIE",4150,"HABIT",23,4,0,NA,"MAIRIE 09/03/2021:  vu avec le gardien du lycée il y a 4 logements situés au 29¶INSEE 14/01/2021: Suite contrôles sur compléments pas vu de TH au n°29 mais par contre 3 TH au n°31 - Est ce que les logts de fonctions ne sont pas tous regroupés sur ce n°31 ? si oui, il faudra périmer l'EA au n°29 et ajouté 1 logt sur le 31.",662718.5,6867506.5,"49"
"50",93010,930100001002646,"O",3,NA,"LOT A","R","DES GAZELLES",4140,"HABIT",21,1,0,"PC9301019B0072","INSEE 28/10/2021: Suite PC 2ème flux 21-22 création d'une EA construction nouvelle - Remplace le PC9301017B0401 déjà sur RORCAL ou pas ? une construction en plus ou pas ? Merci de bien vouloir vérifier sur terrain et de modifier Rorcal en conséquence.",662843.5154,6867426.97701,"50"
"51",93010,930100000005515,"O",40,NA,"12 RES DES PLATANES GARDIEN","RTE","DE VILLEMOMBLE",9670,"HABIT",21,1,0,NA,NA,662006.97991,6866012.96423,"51"
"52",93010,930100000009822,"O",46,"B  ","25 RES DES PLATANES","RTE","DE VILLEMOMBLE",9670,"HABIT",23,8,0,NA,"INSEE 19/01/2021: Vu expertise échantillon 2021¶",661949.69729,6865921.33649,"52"
"53",93010,930100001100212,"O",163,NA,"163-179 BIS","R","EDOUARD VAILLANT",3115,"HABIT",22,10,0,"PC9301018B0020","MAIRIE 16/06/2023: les bal sont regroupées à l'entrée.¶INSEE 18/04/2023: Pouvez-vous nous indiquer si les 10 boîtes aux lettres sont toutes regroupées à l'entrée du 163-179bis ? ou bien si chaque maison de ce lotissement possède sa boîte aux lettres devant sa maison ? Merci. ¶INSEE 18/04/2023: Suite à l'arrêté de numérotation n°A2021_013 du 13/01/2021, la numérotation est la suivante : ¶- 163 à 179bis rue Edouard Vaillant = 10 maisons individuelles | ¶- 181 rue Edouard Vaillant = 23 logements | ¶- 183 rue Edouard Vaillant = 21 logements | ¶- 185 rue Edouard Vaillant = 16 logements | ¶- 187 rue Edouard Vaillant = commerce | ¶- 44 allée Corneille = 22 logements.¶L'EA est dégroupée en 5 EA.¶MAIRIE 03/03/2023: demande de dégroupement. 1 entrée : 163 - 179 bis + 1 entrée au 181, puis au 183, puis au 185.¶MAIRIE 10/11/2022: encore environ 3mois de travaux.¶MAIRIE 22/10/2021: Bondy Habitat¶INSEE 05/09/2019: Création nouvelle EA suite 1er flux de Pc vu adoma demolit et les personnes reparetis sur d autres site .ce PC ne concerne pas une CMT.¶MAIRIE 18/06/2020:  travaux de démolition et construction ne sont pas commencés",662667.65613,6866207.87568,"53"
"54",93010,930100001174978,"O",0,NA,"PC9301015B0069 - BAT H ET BAT G","RTE","D'AULNAY",82,"HABIT",23,54,4,"PC9301015B0069","INSEE 06/05/2024: Suite message de la Corril, dégroupement en 6 EA (dont 1 encore en travaux) : MAIRIE 18/04/2024: demande de dégroupement : 5 batiments, 28 route d'aulnay =13 / 28 bis 26 / 28 ter 26 / 4 rue Françoise Héritier = 20 / 2 rue F Heritier 22.Au total 107 lgts, reste 75 lgts à construire.¶MAIRIE 26/10/2023: 6 mois environ¶MAIRIE 11/04/2023: en voie de finition¶MAIRIE 02/12/2022: Travaux en cours 3 étages¶MAIRIE 03/03/2021: Travaux en cours fondations¶insee le 09/12/16 : Merci de préciser l'adresse complète et la répartition des 181 logements sur les adresses du 24 au 32.¶MAIRIE 18/06/2018:  PC affiché - construction d'un ensemble de 8 bâtiments - Terrain vague, le terrain est  bien délimité mais les travaux ne semblent pas vraiment commencés. Je ne connais pas encore la répartition des logements et le nombre de logements n'est pas affiché.¶MAIRIE 09/04/2019: Travaux non commencés. PC affiché + 2 PC modificatifs : PC9301015B0069MO1 où il est indiqué que le terrain d'assiette du PC provient bien d'une division foncière ainsi que le PC....M02 ou il est indiqué 'régularisation des locaux commerciaux prévus en RC dans 6 des 8 bâtiments de l'ensemble immobilier'.¶MAIRIE 19/06/2020:  plusieurs immeubles sont en construction",661976.94946,6867656.02962,"54"
"55",93010,930100000997693,"O",25,NA,NA,"R","FONTAINE",3550,"HABIT",23,9,3,"PC9301020B0048","¶MAIRIE 07/05/2024: vérifier 9 +13 logements¶MAIRIE 29/04/2024: idem¶MAIRIE 12/04/2023: idem¶MAIRIE 15/11/2022: immeubles muré squatté¶MAIRIE 30/03/2022: idem, bailleurs villogia¶MAIRIE 16/11/2021: travaux de réhabilitation. pas de destruction ancien bâti¶INSEE 23/09/2021: Suite PC 1ER FLUX 21-22 EA créée remplace EA existante ? Destruction de l'ancien bâti ?¶Descriptif des travaux :¶    RESTRUCTURATION IMMEUBLE EXISTANT ET CREATION DE 9 LOGEMENTS.",662244.4,6867833.1,"55"
"56",93010,930100001079920,"O",36,NA,NA,"R","FONTAINE",3550,"HABIT",23,15,3,"PC9301021B0055","reste 3 mois¶MAIRIE 29/04/2024: travaux en cours¶MAIRIE 31/10/2023: immobilière 3F travaux en cours¶MAIRIE 12/04/2023: travaux en cours. la maison a été détruite.¶INSEE 09/12/2022: Une EA existe déjà à cette adresse. Le PC indique qu''une opération de démolition d'une maison individuelle est prévue pour permettre l'opération d'habitations collectives de 15 logements'. ¶Faut-il périmer l'ancienne EA et conserver la nouvelle ? Merci de faire les modifications nécessaires.",662289.8,6867824,"56"
"57",93010,930100000907995,"O",6,NA,NA,"R","DU QUATRE SEPTEMBRE",7950,"HABIT",21,1,3,"PC9301019B0056","MAIRIE 18/04/2024: idem / rajout d'une sortie secondaire impasse de la parisienne 7.¶MAIRIE 31/10/2023: 2 étages dressés (immobilière 3 F)¶MAIRIE 11/04/2023: idem¶MAIRIE 19/05/2022: idem¶MAIRIE 03/03/2021:  PC 9301019B0035 travaux pas commencés¶INSEE 05/11/2020: Suite PC 2E FLUX 20-21 création EA sur existant  - d'après descriptif des travaux : DEMOLITION DE 2 BATIMENTS EXISTANTS - CONSTRUCTION D'UNE MAISON SUR 4 NIVEAUX - A Vérifier - ATTENTION EA échantillonnée -",662391.6,6868102.2,"57"
"58",93010,930100000907995,"N",7,NA,NA,"IMP","DE LA PARISIENNE",7121,"HABIT",21,0,3,"PC9301019B0056","MAIRIE 18/04/2024: idem / rajout d'une sortie secondaire impasse de la parisienne 7.¶MAIRIE 31/10/2023: 2 étages dressés (immobilière 3 F)¶MAIRIE 11/04/2023: idem¶MAIRIE 19/05/2022: idem¶MAIRIE 03/03/2021:  PC 9301019B0035 travaux pas commencés¶INSEE 05/11/2020: Suite PC 2E FLUX 20-21 création EA sur existant  - d'après descriptif des travaux : DEMOLITION DE 2 BATIMENTS EXISTANTS - CONSTRUCTION D'UNE MAISON SUR 4 NIVEAUX - A Vérifier - ATTENTION EA échantillonnée -",662366.5889,6868060.31428,"58"
"59",93010,930100001079833,"O",7,NA,"PC9301021B0097","ALL","DE LA JARDINIERE",4710,"HABIT",23,2,2,"PC9301021B0097","MAIRIE 29/04/2024: idem¶MAIRIE 31/10/2023: travaux non commencés donc pas d'EA à périmer.¶MAIRIE 12/04/2023: travaux non commencés¶INSEE 08/12/2022: Il existe déjà une EA à cette adresse. Le PC (sur construction existante) indique 'création de 2 logements supplémentaires dans un pavillon...'.¶Faut-il modifier le nombre de logement de l'EA existante, une fois les travaux terminés ? Faut-il périmer l'ancienne EA et conserver la nouvelle ? Merci de faire les modifications nécessaires.",662523.07751,6868058.20988,"59"
"60",93010,930100000009856,"O",27,NA,NA,"R","DU CYCLE",1590,"HABIT",21,1,4,"NC9301004B0002","MAIRIE 26/05/2018: PC pas ou plus affiché. La maison est construite et elle est terminée extérieurement mais pas encore habitée. A l'extérieur, pas encore de portail ni de BAL. En cours de travaux.¶MAIRIE 17/04/2019: Il n'y a toujours pas de barrière véritable, ni de BAL. La maison n'est pas habitée. Le PC est affiché sur le terrain nu situé au n° 25, permis d'aménager deux lots à bâtir¶MAIRIE 19/06/2020:  maison abandonnée + terrain nu sur le 25 rue du cycle",663080.67175,6867350.55647,"60"
"61",93010,930100001079783,"O",40,NA,"PC9301021B0105","ALL","THERESE",9130,"HABIT",21,1,2,"PC9301021B0105","MAIRIE 06/11/2024: idem¶MAIRIE 25/10/2023: pas de travaux d'après une riveraine.¶MAIRIE 11/04/2023: pas de travaux¶INSEE 08/12/2022: Une EA existe déjà à cette adresse. LE PC indique 'agrandissement de la maison existante pour la réalisation d'un second logement'. ¶Dans ce cas, une fois les travaux terminés, merci de modifier le nombre de logements et le type de l'EA existante. Sinon, merci de faire les modifications nécessaires à la situation constatée sur le terrain.",663287.20658,6867212.73315,"61"
"62",93010,930100000908008,"O",5,NA,NA,"R","DU POTAGER",7240,"HABIT",23,13,3,"PC9301019B0047","MAIRIE 08/11/2024: repasser dans 1 an¶MAIRIE 08/11/2024: 4 étages ! repasser dans 1 mois.¶MAIRIE 02/05/2024: 3 étages.¶MAIRIE 10/11/2023: idem (2 étages)¶MAIRIE 27/03/2023: idem¶MAIRIE 09/11/2022: travaux en cours¶MAIRIE 06/04/2022: détruite¶MAIRIE 05/11/2021: idem¶MAIRIE 12/03/2021:  PC affiché pas de travaux en cours¶INSEE 05/11/2020: Suite PC 2EFLUX 20-21 création EA sur existant - D'après descriptif des travaux : DEMOLITION D'1 LOGEMENT ET CONSTRUCTION IMMEUBLE DE 13 LOGEMENTS - A vérifier et si destruction il faudra périmer l'ancienne EA et garder l'EA avec le permis.",661359.8,6867069.4,"62"
"63",93010,930100000631086,"O",48,NA,NA,"R","EDOUARD VAILLANT",3115,"HABIT",23,15,3,"PC9301016B0056","MAIRIE 08/11/2024: reste 3 mois¶MAIRIE 29/04/2024: travaux en cours - 2 mois.¶MAIRIE 24/10/2023: travaux en cours 1 an encore¶MAIRIE 03/03/2023: le petit château¶MAIRIE 10/11/2022: travaux en cours. 4 étages montés.¶MAIRIE 06/04/2022: travaux en cours. 1 étage.¶MAIRIE 09/03/2021: ancienne maison détruite¶MAIRIE 19/10/2020: travaux en cours¶DR 16/10/17.1ER FLUX DE PC .Une EA existe déjà, doit on périmer cette EA,si les deux existent quelle nouvelle numérotation,¶Merci d'effectuer les modifications,¶MAIRIE 05/06/2018: Actuellement, il n'y a qu'une seule maison à cette adresse, la même maison  depuis de nombreuses années (je l'ai recensé en 2004)  les travaux ne sont pas encore commencés et le PC n'est pas encore affiché. Je pense qu'ils démoliront l'ancienne maison pour reconstruire à la place un immeuble.¶MAIRIE 26/03/2019: L'ancienne maison est toujours là et aucun travaux n'est encore commencé. Le PC est affiché dans la rue du Vieux Château puisque cette adresse est à l'angle de rue E. Vaillant et de la rue du Vieux Château. La cour arrière donne rue du Vieux Château mais la BAL est rue Edouard Vaillant sous le n° 48 | sur le PC, il est indiqué qu'il y a 190 m2 (ancienne maison) à démolir mais ce n'est pas encore fait.",662021.9,6866335.4,"63"
"64",93010,930100001082764,"O",1,NA,NA,"R","DE L'UNION",9550,"HABIT",21,1,4,"PC9301022B0050","MAIRIE 08/11/2024: idem - je rends habitable sur 1 logement.¶MAIRIE 29/04/2024: Il y a eu juste une construction de garage. Pas d'habitation.¶MAIRIE 24/10/2023: idem¶MAIRIE 27/06/2023: PC affiché division de partielle travaux non commencés¶¶INSEE 26/06/2023: Merci de nous communiquer un numéro de permis lorsqu'il sera obtenu.¶INSEE 26/06/2023: Réception de l'arrêté de numérotation n°A2022_620 du 10/01/2023 : division de la parcelle cadastrée section AL0106, AL0152, AL0197, AL0105 en deux lots : ¶- Lot A : 28 rue Louis Léon Collignon (lot bâti) |¶- Lot B : 1 rue de l'Union (destiné à la construction).¶¶INSEE 17/05/2023: Nous n'avons pas d'arrêté de numérotation pour cette adresse. Merci de reprendre l'actualité de cette EA. ¶MAIRIE 18/01/2023: arrêté de numérotation envoyé gestionnaire",662234.73073,6866485.4698,"64"
"65",93010,930100000003474,"O",198,NA,NA,"AV","DE ROSNY",8175,"HABIT",27,0,4,NA,NA,661220.3,6866791.6,"65"
"66",93010,930100000003146,"O",48,NA,NA,"R","ROGER SALENGRO",8172,"HABIT",27,0,4,NA,"INSEE 19/02/2020:  suite RP 2020 FN, actualité 1-périmée, motif : Adresse à usage autre qu’habitation, espace culturel.",661773.6,6866874.2,"66"
"67",93010,930100001085152,"O",15,NA,"15-21","AV","JULES FERRY",4770,"HABIT",23,136,2,"PC9301021B0102","MAIRIE 15/11/2024: idem¶MAIRIE 25/04/2024: pas de démolition visible. permis affiché au 17.¶MAIRIE 04/04/2023: démolition effectuée¶INSEE 10/02/2023: Plusieurs EA existent aux adresses du PC, mais également sur les parcelles cadastrales du PC (correspondant à d'autres adresses). Merci de vérifier les EA alentours (adresse du PC = 15-21 av. Jules Ferry + parcelles AU0020 AU0022 AU0023). Le permis indique 'nombre de logements démolis=12' et la construction de 136 logements. Merci de faire les modifications nécessaires.",661456.9199,6866049.272,"67"
"68",93010,930100001098133,"O",25,NA,NA,"AV","DE L'EST",3155,"HABIT",21,1,3,"PC9301020B0049","MAIRIE 15/11/2024: repasser dans 6 mois.¶MAIRIE 25/04/2024: murs dressés pour rdc¶MAIRIE 31/10/2023: ancien garage - affichage panneau construction maison vide¶INSEE 07/04/2023: Merci de vérifier le positionnement et l'actualité de l'entité adressée.",661912.4821,6865846.71912,"68"
"69",93010,930100001079916,"O",1,NA,NA,"ALL","DES HETRES",4450,"HABIT",23,15,3,"PC9301021B0078","MAIRIE 15/11/2024: 1 étage dressé¶MAIRIE 31/10/2023: aucun travaux¶MAIRIE 04/04/2023: travaux non commencés¶INSEE 09/12/2022: Une EA existe déjà à cette adresse. Le PC indique 'construction nouvelle : construction d'un immeuble de 15 logements sur 5 étages'. Faut-il périmer l'ancienne EA et conserver la nouvelle ? Merci de faire les modifications nécessaires.",661889.1,6866060.8,"69"
"70",93010,930100001085138,"O",42,NA,NA,"R","ETIENNE DOLET",3160,"HABIT",22,2,3,"PC9301022B0037","MAIRIE 25/04/2024: 1 maison de 3 étages montée. (permis affiché 2 maisons individuelles)¶MAIRIE 31/10/2023: monceaux de gravats¶MAIRIE 04/04/2023: travaux¶INSEE 10/02/2023: Une EA existe déjà à cette adresse. Le permis indique 'nombre de logements démolis=1' et la 'construction de deux maisons individuelles'. Faut-il périmer l'ancienne EA et conserver la nouvelle ? Merci de faire les modifications nécessaires.",661688.5,6865781.1,"70"
"71",93010,930100000892555,"O",7,NA,NA,"R","JOE CARMAN",4760,"HABIT",21,1,2,"PC9301019B0063","MAIRIE 15/11/2024: idem¶MAIRIE 29/04/2024: idem¶MAIRIE 02/12/2022: Travaux abandonnés¶MAIRIE 10/03/2021:  PC affiché¶MAIRIE 22/10/2020:  pc AFFICHE PAS DE TRAVAUX VISIBLE TERRAIN ABANDONNE¶INSEE 24/08/2020: Suite PC 1ER FLUX 20-21 EA créée remplace EA existante? que devient l'ancien bâti ?¶si destruction, merci de périmer l'ancien bâti existant.",661796.7,6865690.2,"71"
"72",93010,930100001079846,"O",15,NA,"PC930102200041","AV","DES PLATANES",7190,"HABIT",23,3,3,"PC930102200041","MAIRIE 15/11/2024: contentieux terminés, quelques parpins en plus... mais les travaux sont arrêtés.¶MAIRIE 25/04/2024: contentieux mairie sur droits de voirie non payés. le chantier a été arrêté par la mairie.¶MAIRIE 04/04/2023: permis affiché mais pas de travaux¶INSEE 08/12/2022: Merci de vérifier l'actualité et le positionnement de l'entité adressée.",662039.24976,6865937.58611,"72"
"73",93010,930100001079925,"O",20,NA,NA,"R","BOREL",750,"HABIT",23,85,2,"PC9301022B0016","MAIRIE 27/03/2024: idem¶MAIRIE 31/10/2023: travaux non commencés, donc pas de péremption de l'EA¶MAIRIE 12/04/2023: travaux non commencés¶INSEE 09/12/2022: Une EA existe déjà à cette adresse, et plusieurs EA existent déjà sur les parcelles cadastrales concernées. Il y a un PD rattaché à ce PC (PD9301021B0008) qui indique 9 habitations à démolir.¶Faut-il périmer l'ancienne EA du 20 rue Borel et conserver la nouvelle ? Merci de faire les modifications nécessaires.",662358,6867673.1,"73"
"74",93010,930100000718118,"O",1,NA,NA,"R","DE VERSAILLES",9625,"HABIT",23,20,2,"PC9301016B0069","MAIRIE 29/04/2024: idem¶MAIRIE 10/11/2023: les travaux semblent abandonnés.¶MAIRIE 11/04/2023: idem¶MAIRIE 09/12/2022: idem¶MAIRIE 19/05/2022: idem¶MAIRIE 03/03/2021:  ¶INSEE 23/02/2018:  Vérifier l'actualité et le positionnement de l'EA¶MAIRIE 21/06/2018:  Travaux pas encore commencés. L'emplacement est correcte sur la carte, terrain d'angle situé 1 r de Versailles et 27 av. H. Varagnat.¶MAIRIE 04/04/2019: J'ai vu le propriétaire qui habite dans le pavillon du 1 r Versailles/27 av. H Varagnat (le n° 1 n'est pas affiché et il n'y a pas véritablement d'entrée dans la rue de Versailles). Les travaux ne sont pas encore commencés pour des problèmes de finances. Le PC est affiché mais effacé.¶MAIRIE 19/06/2020:  demande de prolongation de PC travaux vont bientôt démarrer.¶¶PC9301016B0069T01 travaux  n'ont pas démarrer mais beaucoup de matériel stocké ( plaques isolation)",662146.86016,6868437.31522,"74"
"75",93010,930100001063689,"O",26,NA,NA,"R","DU BON AIR",720,"HABIT",21,1,3,"PC9301022B0004","MAIRIE 02/05/2024: on ne voit plus que la maison devant en voie de finition. Je périme l'EA de l'ancien logement. toujours occupation terrain DIRIF mais pour les éléments de chantiers.¶MAIRIE 10/11/2023: vu le gardien du site. Il y a bien un logement habitable, derrière une construction en voie d'achévement + une occupation de la dépendance DIRIF.¶MAIRIE 28/02/2023: terrain en longueur, pas d'accès, parpaings dans zone non cadastrée. ¶INSEE 06/09/2022: EAAC 1er flux 22-23 PC autorisé pour la construction d'une maison individuelle.¶Il existe déjà une EA à la même adresse que devient-elle.¶Avant de rendre habitable merci de vérifier l'adresse exacte attribuée à cette maison.",661698.22116,6868594.62281,"75"
"76",93010,930100001098140,"O",25,NA,NA,"R","DU CYCLE",1590,"HABIT",21,1,2,"PC9301020B0042","INSEE 07/04/2023: Deux EA existent déjà à cette adresse (1 EA habitable et 1 EA en travaux commencés). Le permis indique 'construction nouvelle : pavillon neuf'.   Merci de vérifier le positionnement et l'actualité de l'entité adressée (parcelle cadastrale 0T0188 non trouvée en date d'aujourd'hui). Si l'EA habitable n'existe plus, merci de la périmer (terrain nu en satellite et sur Maps).",663067,6867346.6,"76"
"77",93010,930100001016978,"O",2,NA,NA,"AV","DE LA VILLAGEOISE",9650,"HABIT",21,1,3,"PC9301020B0041","MAIRIE 22/11/2024: idem¶MAIRIE 27/03/2024: zone vide¶MAIRIE 31/10/2023: travaux commencés¶MAIRIE 11/04/2023: idem¶MAIRIE 15/11/2022: idem¶MAIRIE 30/03/2022: rien (pelouse)¶INSEE 11/02/2022: Suite PC 3ème flux 21-22 création de l'EA sur existant.¶D'après descriptif : Construction d'une maison individuelle de 190 m² habitables sur trois niveaux (R+2) - Que devient l'ancien bâti au 2 avenue de la Villageoise ? détruite ? rénovation ? si pas habitable il faudra la périmer et garder l'EA avec le PC|",662416.4,6867956.1,"77"
"78",93010,930100000273040,"O",6,NA,NA,"ALL","MARCEL SEMBAT",6130,"HABIT",21,1,3,"PC9301015B0065","MAIRIE 29/04/2024: demande de dégroupement 4B, le 6 est en travaux abandonnés. Et le 6B est inhabité. Il s'agit de 3 parcelles différentes.¶MAIRIE 25/10/2023: idem¶MAIRIE 03/03/2023: idem¶MAIRIE 09/12/2022: idem¶MAIRIE 30/03/2022: idem¶MAIRIE 03/03/2021:  travaux abandonnés???¶MAIRIE 04/11/2020:  maison de deux étages en cours de construction ( murs en brique)  mais les travaux semblent abandonnés¶INSEE LE 12/12/16 : merci de vérifier l'actualité de ce pc. Il existe déjà un pc actu 2 sur cette EA.¶MAIRIE 25/03/2019: un petit bâtiment de 2 étages se construit entre la maison du n° 4 et celle du n° 6. La maison au n° 4 est habitée, les travaux du petit bâtiment sont stoppés d'après une voisine et la maison du n° 6 est couverte de bâches suite à des problèmes avec la nouvelle construction d'à côté. Aucun PC n'est affiché",663082.1,6866824.1,"78"
"79",93010,930100001201196,"O",4,NA,NA,"R","DES CINQ ORMES",1520,"HABIT",23,3,2,"PC9301021B0059","INSEE 26/11/2024: Suite 2ème flux permis 2024-2025, nous recevons un permis autorisé sur construction existante (Descriptif des travaux : rénovation lourde et extension du collège Henri Sellier). Le permis indique également 3 logements créés.   ¶Une EA habitable existe déjà au 4 rue des Cinq Ormes (parcelle 0V0107).   ¶Faut-il modifier le nombre de logements de l’EA existante, une fois les travaux terminés ?  Faut-il modifier l'adresse de la nouvelle EA et conserver l'ancienne ? ¶Merci de faire les modifications nécessaires.",662790.71482,6866860.36737,"79"
"80",93010,930100001137275,"O",2,NA,"HALL AFFLUENCE","R","JULIE-VICTOIRE DAUBIE",NA,"HABIT",23,0,3,"PC9301019B0065","INSEE 23/12/2024: Modificatif permis : merci de vérifier le nombre de logements de chaque bâtiment.¶INSEE 16/09/2024: Suite 1er flux permis 2024-2025, actu 3 (travaux commencés). Pour rappel, merci de nous indiquer la répartition des 187 logements par bâtiment quand la répartition sera connue. ¶MAIRIE 29/04/2024: en travaux¶INSEE 02/11/2023: Merci de nous indiquer la répartition des 187 logements quand elle sera connue. Par défaut, nous avons mis les 187 logements au 5 allée Georges Sand, et 0 logement sur les 5 autres EA (2 + 4 rue Daubié, 34-36 + 38-40 + 42 av Maréchal de Lattre de Tassigny).¶¶MAIRIE 31/10/2023: demande de dégroupement : 5 rue georges sand (hall liberté) / 2 rue Daubié (hall afluence) / 4 rue Daubié (hall confiance)¶42 mal de lattre de tassigny (hall équilibre)¶38/40 mal de lattre de tassigny (halls fraternité et harmonie)¶34/36 mal de lattre de tassigny (halls partage et symphonie)¶MAIRIE 11/04/2023: travaux commencés¶MAIRIE 07/12/2022: travaux non commencés¶MAIRIE 30/03/2022: idem¶INSEE 28/10/2021: Suite PC 2ème flux 21-22 création de l'EA nouvelle pour 187 logts - Vu sur google maps image de Mars 2021 : Démolition des logts du 38 au 48 av de Lattre de Tassigny : sur Rorcal les EA du 38 au 48 sont bien périmées.",662072.86974,6867236.29642,"80"
"81",93010,930100001137274,"O",5,NA,"HALL LIBERTE","ALL","GEORGES SAND",4152,"HABIT",23,187,3,"PC9301019B0065","INSEE 23/12/2024: Modificatif permis : merci de vérifier le nombre de logements de chaque bâtiment.¶INSEE 16/09/2024: Suite 1er flux permis 2024-2025, actu 3 (travaux commencés). Pour rappel, merci de nous indiquer la répartition des 187 logements par bâtiment quand la répartition sera connue. ¶INSEE 02/11/2023: Merci de nous indiquer la répartition des 187 logements quand elle sera connue. Par défaut, nous avons mis les 187 logements au 5 allée Georges Sand, et 0 sur les 5 autres EA (2 et 4 rue Daubié, 34-36 et 38-40 et 42 av Maréchal de Lattre de Tassigny).¶MAIRIE 31/10/2023: demande de dégroupement : 5 rue georges sand (hall liberté) / 2 rue Daubié (hall afluence) / 4 rue Daubié (hall confiance)¶42 mal de lattre de tassigny (hall équilibre)¶38/40 mal de lattre de tassigny (halls fraternité et harmonie)¶34/36 mal de lattre de tassigny (halls partage et symphonie)¶MAIRIE 11/04/2023: travaux commencés¶MAIRIE 07/12/2022: travaux non commencés¶MAIRIE 30/03/2022: idem¶INSEE 28/10/2021: Suite PC 2ème flux 21-22 création de l'EA nouvelle pour 187 logts - Vu sur google maps image de Mars 2021 : Démolition des logts du 38 au 48 av de Lattre de Tassigny : sur Rorcal les EA du 38 au 48 sont bien périmées.",662082.75162,6867364.06006,"81"
"82",93010,930100001137276,"O",4,NA,"HALL CONFIANCE","R","JULIE-VICTOIRE DAUBIE",NA,"HABIT",23,0,3,"PC9301019B0065","INSEE 23/12/2024: Modificatif permis : merci de vérifier le nombre de logements de chaque bâtiment.¶INSEE 16/09/2024: Suite 1er flux permis 2024-2025, actu 3 (travaux commencés). Pour rappel, merci de nous indiquer la répartition des 187 logements par bâtiment quand la répartition sera connue. ¶MAIRIE 29/04/2024: en travaux¶INSEE 02/11/2023: Merci de nous indiquer la répartition des 187 logements quand elle sera connue. Par défaut, nous avons mis les 187 logements au 5 allée Georges Sand, et 0 logement sur les 5 autres EA (2 + 4 rue Daubié, 34-36 + 38-40 + 42 av Maréchal de Lattre de Tassigny).¶¶MAIRIE 31/10/2023: demande de dégroupement : 5 rue georges sand (hall liberté) / 2 rue Daubié (hall afluence) / 4 rue Daubié (hall confiance)¶42 mal de lattre de tassigny (hall équilibre)¶38/40 mal de lattre de tassigny (halls fraternité et harmonie)¶34/36 mal de lattre de tassigny (halls partage et symphonie)¶MAIRIE 11/04/2023: travaux commencés¶MAIRIE 07/12/2022: travaux non commencés¶MAIRIE 30/03/2022: idem¶INSEE 28/10/2021: Suite PC 2ème flux 21-22 création de l'EA nouvelle pour 187 logts - Vu sur google maps image de Mars 2021 : Démolition des logts du 38 au 48 av de Lattre de Tassigny : sur Rorcal les EA du 38 au 48 sont bien périmées.",662099.97769,6867232.19771,"82"
"83",93010,930100001137279,"O",34,NA,"34-36  HALLS PARTAGE & SYMPHONIE","AV","DU MAL DE LATTRE DE TASSIGNY",6155,"HABIT",23,0,3,"PC9301019B0065","INSEE 23/12/2024: Modificatif permis : merci de vérifier le nombre de logements de chaque bâtiment.¶INSEE 16/09/2024: Suite 1er flux permis 2024-2025, actu 3 (travaux commencés). Pour rappel, merci de nous indiquer la répartition des 187 logements par bâtiment quand la répartition sera connue. ¶MAIRIE 18/04/2024: 2 étages dressés. 1 an de travaux.¶INSEE 02/11/2023: Merci de nous indiquer la répartition des 187 logements quand elle sera connue. Par défaut, nous avons mis les 187 logements au 5 allée Georges Sand, et 0 logement sur les 5 autres EA (2 + 4 rue Daubié, 34-36 + 38-40 + 42 av Maréchal de Lattre de Tassigny).¶¶MAIRIE 31/10/2023: demande de dégroupement : 5 rue georges sand (hall liberté) / 2 rue Daubié (hall afluence) / 4 rue Daubié (hall confiance)¶42 mal de lattre de tassigny (hall équilibre)¶38/40 mal de lattre de tassigny (halls fraternité et harmonie)¶34/36 mal de lattre de tassigny (halls partage et symphonie)¶MAIRIE 11/04/2023: travaux commencés¶MAIRIE 07/12/2022: travaux non commencés¶MAIRIE 30/03/2022: idem¶INSEE 28/10/2021: Suite PC 2ème flux 21-22 création de l'EA nouvelle pour 187 logts - Vu sur google maps image de Mars 2021 : Démolition des logts du 38 au 48 av de Lattre de Tassigny : sur Rorcal les EA du 38 au 48 sont bien périmées.",662114.95303,6867357.18338,"83"
"84",93010,930100001137278,"O",38,NA,"38-40 -HALLS FRATERNITE HARMONIE","AV","DU MAL DE LATTRE DE TASSIGNY",6155,"HABIT",23,0,3,"PC9301019B0065","INSEE 23/12/2024: Modificatif permis : merci de vérifier le nombre de logements de chaque bâtiment.¶MAIRIE 22/11/2024: travaux en cours 1 an¶INSEE 16/09/2024: Suite 1er flux permis 2024-2025, actu 3 (travaux commencés). Pour rappel, merci de nous indiquer la répartition des 187 logements par bâtiment quand la répartition sera connue. ¶MAIRIE 18/04/2024: 2 étages dressés / 1 an de travaux¶INSEE 02/11/2023: Merci de nous indiquer la répartition des 187 logements quand elle sera connue. Par défaut, nous avons mis les 187 logements au 5 allée Georges Sand, et 0 logement sur les 5 autres EA (2 + 4 rue Daubié, 34-36 + 38-40 + 42 av Maréchal de Lattre de Tassigny).¶¶MAIRIE 31/10/2023: demande de dégroupement : 5 rue georges sand (hall liberté) / 2 rue Daubié (hall afluence) / 4 rue Daubié (hall confiance)¶42 mal de lattre de tassigny (hall équilibre)¶38/40 mal de lattre de tassigny (halls fraternité et harmonie)¶34/36 mal de lattre de tassigny (halls partage et symphonie)¶MAIRIE 11/04/2023: travaux commencés¶MAIRIE 07/12/2022: travaux non commencés¶MAIRIE 30/03/2022: idem¶INSEE 28/10/2021: Suite PC 2ème flux 21-22 création de l'EA nouvelle pour 187 logts - Vu sur google maps image de Mars 2021 : Démolition des logts du 38 au 48 av de Lattre de Tassigny : sur Rorcal les EA du 38 au 48 sont bien périmées.",662117.06094,6867318.7429,"84"
"85",93010,930100001137277,"O",42,NA,"HALL EQUILIBRE","AV","DU MAL DE LATTRE DE TASSIGNY",6155,"HABIT",23,0,3,"PC9301019B0065","INSEE 23/12/2024: Modificatif permis : merci de vérifier le nombre de logements de chaque bâtiment.¶MAIRIE 22/11/2024: travaux en cours 1 an¶INSEE 16/09/2024: Suite 1er flux permis 2024-2025, actu 3 (travaux commencés). Pour rappel, merci de nous indiquer la répartition des 187 logements par bâtiment quand la répartition sera connue. ¶MAIRIE 18/04/2024: 2 étages dressés un an de travaux¶INSEE 02/11/2023: Merci de nous indiquer la répartition des 187 logements quand elle sera connue. Par défaut, nous avons mis les 187 logements au 5 allée Georges Sand, et 0 logement sur les 5 autres EA (2 + 4 rue Daubié, 34-36 + 38-40 + 42 av Maréchal de Lattre de Tassigny).¶¶MAIRIE 31/10/2023: demande de dégroupement : 5 rue georges sand (hall liberté) / 2 rue Daubié (hall afluence) / 4 rue Daubié (hall confiance)¶42 mal de lattre de tassigny (hall équilibre)¶38/40 mal de lattre de tassigny (halls fraternité et harmonie)¶34/36 mal de lattre de tassigny (halls partage et symphonie)¶MAIRIE 11/04/2023: travaux commencés¶MAIRIE 07/12/2022: travaux non commencés¶MAIRIE 30/03/2022: idem¶INSEE 28/10/2021: Suite PC 2ème flux 21-22 création de l'EA nouvelle pour 187 logts - Vu sur google maps image de Mars 2021 : Démolition des logts du 38 au 48 av de Lattre de Tassigny : sur Rorcal les EA du 38 au 48 sont bien périmées.",662117.53178,6867270.51005,"85"
"86",93010,930100001081980,"O",8,NA,NA,"R","DE L'EGALITE",3121,"HABIT",21,1,3,"PC9301021B0081","INSEE 14/01/2025: RP 2025, suite à la fiche navette du 8 rue de l'égalité, ce permis semble est habitable. Merci de vérifier et de périmer l'EA afin d'éviter un doublon. ¶MAIRIE 02/05/2024: idem¶MAIRIE 10/11/2023: nouvelle maison. 6 mois de travaux à prévoir.¶INSEE 04/01/2023: Une EA existe déjà à cette adresse. Faut-il modifier le nombre de logements de l'EA existante, une fois les travaux terminés ? ¶Merci de faire les modifications nécessaires.",661525.1,6866695.8,"86"
"87",93010,930100000775238,"O",27,NA,NA,"RTE","DE VILLEMOMBLE",9670,"HABIT",23,7,3,NA,"INSEE 18/02/2025: RP 2025, FN, merci de renseigner le numéro de permis, immeuble en travaux.¶INSEE 03/02/2025: FN 2025¶INSEE 09/06/2022: Suite appel téléphonique avec mairie numérotation changée de 2 r Saint Louis Prolongée en 27 rue de Villemomble.¶MAIRIE 28/01/2022: pas de porte au 2 mais route de villemonble.pas de numérotation.¶MAIRIE 10/03/2021:  Travaux toujours en cours¶MAIRIE 22/10/2020: TRAVAUX TOUJOURS ENCOURS PORTE ET FENÊTRES POSÉES PAS DE RAVALEMENT ¶INSEE 20/11/2018: Création EA 2 eme flux de PC.Une EA excite déjà merci de périmée si nécessaire¶MAIRIE 21/03/2019: J'ai périmé l'ancienne maison. La construction d'un immeuble de 4 étages a commencé, j'ai vu les ouvriers au travail, la personne qui est venue me parler ne savait pas à quelle période les travaux seraient terminés.",662688.87253,6865778.63496,"87"
"88",93010,930100001079815,"O",3,NA,NA,"R","BORDIER",740,"HABIT",23,6,0,"PC9301021B0094","INSEE 14/05/2025: Merci de vérifier le nombre de logements de cette entité adressée (le nombre de logements actuel ne correspond pas au commentaire, ni au permis).¶MAIRIE 18/04/2024: reste 3 mois (peinture façade) à vue de nez 4 lgts / permis affiché se termine par 52¶MAIRIE 03/03/2023: travaux non commencés (pas d'affiche)¶INSEE 08/12/2022: Une EA existe déjà à cette adresse. Le PC indique 'rénovation et extension d'une maison avec la création d'un logement R+1+C'.¶Dans ce cas, une fois les travaux terminés, merci de modifier le nombre de logement de l'EA existante. Sinon, merci de faire les modifications nécessaires selon le cas.",662162.4,6866636.5,"88"
"89",93010,930100000010030,"O",24,NA,"24-28","R","AUGUSTE POLISSARD",75,"HABIT",23,61,0,NA,"INSEE 23/05/2025: Cet immeuble semble contenir plusieurs bâtiments. Si l'entité adressée est dégroupable, merci de nous indiquer l'adressage exact de chaque hall/bâtiment, ainsi que la répartition des logements par hall/bâtiment.¶INSEE 19/01/2021: Vu expertise échantillon 2021¶",661901.06226,6867208.41825,"89"
"90",93010,930100001227589,"O",5,NA,NA,"R","ARETHA FRANKLIN",63,"HABIT",23,16,4,"PC9301020B0069","MAIRIE 21/05/2025: suite à vérification permis. 5 franklin = 16 / 7 franklin = 39 / 25 chemin latéral = 30 / 6 rue simone veil = 19¶MAIRIE 21/05/2025: dégroupement complémentaire 5 Aretha Franklin = 40 BAL / 25 chemin latéral = 30  BAL¶manque 3 BAL à retrouver.¶MAIRIE 18/04/2024: dégroupement, 25 ch Latéral = 30 BAL / 6 simone veil =20 BAL ¶MAIRIE 26/10/2023: voir dans 1 mois¶MAIRIE 11/04/2023: en voie de finition pas d'accès¶INSEE 16/12/2022: Avant de rendre habitable, merci de bien vouloir nous communiquer l'adressage exact, ainsi que la répartition des logements au sein des bâtiments (dégroupement).¶MAIRIE 07/12/2022: 21-33 Rue chemin latéral travaux en cours emplacement du panneau¶MAIRIE 19/05/2022: l'adressage se fera sur Simone Veil¶MAIRIE 16/11/2021: pas d'adressage encore.¶INSEE 23/09/2021: Création EA suite PC 1ERFLUX 21-22",661625.34041,6867667.92687,"90"
"91",93010,930100001227590,"O",7,NA,NA,"R","ARETHA FRANKLIN",63,"HABIT",23,39,4,"PC9301020B0069","MAIRIE 21/05/2025: suite à vérification permis. 5 franklin = 16 / 7 franklin = 39 / 25 chemin latéral = 30 / 6 rue simone veil = 19¶MAIRIE 21/05/2025: dégroupement complémentaire 5 Aretha Franklin = 40 BAL / 25 chemin latéral = 30  BAL¶manque 3 BAL à retrouver.¶MAIRIE 18/04/2024: dégroupement, 25 ch Latéral = 30 BAL / 6 simone veil =20 BAL ¶MAIRIE 26/10/2023: voir dans 1 mois¶MAIRIE 11/04/2023: en voie de finition pas d'accès¶INSEE 16/12/2022: Avant de rendre habitable, merci de bien vouloir nous communiquer l'adressage exact, ainsi que la répartition des logements au sein des bâtiments (dégroupement).¶MAIRIE 07/12/2022: 21-33 Rue chemin latéral travaux en cours emplacement du panneau¶MAIRIE 19/05/2022: l'adressage se fera sur Simone Veil¶MAIRIE 16/11/2021: pas d'adressage encore.¶INSEE 23/09/2021: Création EA suite PC 1ERFLUX 21-22",661624.46058,6867685.76545,"91"
"92",93010,930100001227591,"O",25,NA,NA,"CHE","LATERAL",5109,"HABIT",23,30,4,"PC9301020B0069","MAIRIE 21/05/2025: suite à vérification permis. 5 franklin = 16 / 7 franklin = 39 / 25 chemin latéral = 30 / 6 rue simone veil = 19¶MAIRIE 21/05/2025: dégroupement complémentaire 5 Aretha Franklin = 40 BAL / 25 chemin latéral = 30  BAL¶manque 3 BAL à retrouver.¶MAIRIE 18/04/2024: dégroupement, 25 ch Latéral = 30 BAL / 6 simone veil =20 BAL ¶MAIRIE 26/10/2023: voir dans 1 mois¶MAIRIE 11/04/2023: en voie de finition pas d'accès¶INSEE 16/12/2022: Avant de rendre habitable, merci de bien vouloir nous communiquer l'adressage exact, ainsi que la répartition des logements au sein des bâtiments (dégroupement).¶MAIRIE 07/12/2022: 21-33 Rue chemin latéral travaux en cours emplacement du panneau¶MAIRIE 19/05/2022: l'adressage se fera sur Simone Veil¶MAIRIE 16/11/2021: pas d'adressage encore.¶INSEE 23/09/2021: Création EA suite PC 1ERFLUX 21-22",661669.37919,6867706.53439,"92"
"93",93010,930100001227592,"O",6,NA,NA,"R","SIMONE VEIL",8529,"HABIT",23,19,4,"PC9301020B0069","MAIRIE 21/05/2025: suite à vérification permis. 5 franklin = 16 / 7 franklin = 39 / 25 chemin latéral = 30 / 6 rue simone veil = 19¶MAIRIE 21/05/2025: dégroupement complémentaire 5 Aretha Franklin = 40 BAL / 25 chemin latéral = 30  BAL¶manque 3 BAL à retrouver.¶MAIRIE 18/04/2024: dégroupement, 25 ch Latéral = 30 BAL / 6 simone veil =20 BAL ¶MAIRIE 26/10/2023: voir dans 1 mois¶MAIRIE 11/04/2023: en voie de finition pas d'accès¶INSEE 16/12/2022: Avant de rendre habitable, merci de bien vouloir nous communiquer l'adressage exact, ainsi que la répartition des logements au sein des bâtiments (dégroupement).¶MAIRIE 07/12/2022: 21-33 Rue chemin latéral travaux en cours emplacement du panneau¶MAIRIE 19/05/2022: l'adressage se fera sur Simone Veil¶MAIRIE 16/11/2021: pas d'adressage encore.¶INSEE 23/09/2021: Création EA suite PC 1ERFLUX 21-22",661697.10595,6867682.45775,"93"
"94",93010,930100001227593,"O",0,NA,"19 LOGTS RESTANTS PC9301020B0069","CHE","LATERAL",5109,"HABIT",23,19,4,"PC9301020B0069","INSEE 23/05/2025: Suite au dégroupement, il reste 19 logts par rapport au permis (123 logts dans le permis Vs 104 logts répartis sur les 4 adresses citées ci-dessous). Merci de modifier l'adressage pour ces 19 logts restants. ¶MAIRIE 21/05/2025: suite à vérification permis. 5 franklin = 16 / 7 franklin = 39 / 25 chemin latéral = 30 / 6 rue simone veil = 19¶MAIRIE 21/05/2025: dégroupement complémentaire 5 Aretha Franklin = 40 BAL / 25 chemin latéral = 30  BAL¶manque 3 BAL à retrouver.¶MAIRIE 18/04/2024: dégroupement, 25 ch Latéral = 30 BAL / 6 simone veil =20 BAL ¶MAIRIE 26/10/2023: voir dans 1 mois¶MAIRIE 11/04/2023: en voie de finition pas d'accès¶INSEE 16/12/2022: Avant de rendre habitable, merci de bien vouloir nous communiquer l'adressage exact, ainsi que la répartition des logements au sein des bâtiments (dégroupement).¶MAIRIE 07/12/2022: 21-33 Rue chemin latéral travaux en cours emplacement du panneau¶MAIRIE 19/05/2022: l'adressage se fera sur Simone Veil¶MAIRIE 16/11/2021: pas d'adressage encore.¶INSEE 23/09/2021: Création EA suite PC 1ERFLUX 21-22",661672.57573,6867689.48164,"94"
